Date,Open,High,Low,Close,Volume
2026-09-01,225,232,223,230,1000000
2026-09-02,230,235,228,233,1200000
2026-09-03,233,240,231,238,1100000
2026-09-04,238,241,234,236,1300000
2026-09-05,236,243,235,241,1250000
2026-09-06,241,245,239,244,1400000
2026-09-07,244,247,240,242,1350000
2026-09-08,242,246,238,239,1500000
2026-09-09,239,244,237,243,1450000
2026-09-10,243,248,242,247,1550000
2026-09-11,247,250,244,246,1480000
2026-09-12,246,249,241,242,1600000
2026-09-13,242,246,239,245,1520000
2026-09-14,245,251,244,250,1700000
2026-09-15,250,254,248,252,1650000
2026-09-16,252,253,247,249,1580000
2026-09-17,249,250,243,244,1750000
2026-09-18,244,248,242,247,1680000
2026-09-19,247,252,246,251,1800000
2026-09-20,251,256,250,255,1850000
















