Date,Open,High,Low,Close,Volume,Daily_Return,Cumulative_Return,Peak,Drawdown,Rolling_Mean_3,Rolling_Vol_3,Signal,Position,Strategy_Return,Strategy_Cumulative_Return
2026-09-02,230,235,228,233,1200000,0.01304347826086949,0.01304347826086949,233,0.0,,,0,0.0,0.0,0.0
2026-09-03,233,240,231,238,1100000,0.02145922746781115,0.034782608695652195,238,0.0,,,0,0.0,0.0,0.0
2026-09-04,238,241,234,236,1300000,-0.008403361344537785,0.026086956521739202,238,-0.008403361344537785,235.66666666666666,0.015397867678944126,1,0.0,-0.0,0.0
2026-09-05,236,243,235,241,1250000,0.021186440677966045,0.047826086956521685,241,0.0,238.33333333333334,0.01716296889108988,1,1.0,0.021186440677966045,0.021186440677966045
2026-09-06,241,245,239,244,1400000,0.012448132780082943,0.060869565217391175,244,0.0,240.33333333333334,0.015202517422443948,1,1.0,0.012448132780082943,0.03389830508474567
2026-09-07,244,247,240,242,1350000,-0.008196721311475419,0.05217391304347818,244,-0.008196721311475419,242.33333333333334,0.015088285930248992,0,1.0,-0.008196721311475419,0.025423728813559254
2026-09-08,242,246,238,239,1500000,-0.012396694214875992,0.03913043478260869,244,-0.020491803278688492,241.66666666666666,0.013298591412003463,0,0.0,-0.0,0.025423728813559254
2026-09-09,239,244,237,243,1450000,0.01673640167364021,0.0565217391304349,244,-0.004098360655737654,241.33333333333334,0.015748215085260087,1,0.0,0.0,0.025423728813559254
2026-09-10,243,248,242,247,1550000,0.016460905349794164,0.07391304347826089,247,0.0,243.0,0.016741038532643786,1,1.0,0.016460905349794164,0.042303131756992185
2026-09-11,247,250,244,246,1480000,-0.004048582995951455,0.06956521739130439,247,-0.004048582995951455,245.33333333333334,0.011921483395841091,1,1.0,-0.004048582995951455,0.038083281021133786
2026-09-12,246,249,241,242,1600000,-0.016260162601625994,0.052173913043478404,247,-0.020242914979757054,245.0,0.016534963343127686,0,1.0,-0.016260162601625994,0.021203878077700633
2026-09-13,242,246,239,245,1520000,0.012396694214876103,0.06521739130434812,247,-0.0080971659919028,244.33333333333334,0.014380457002521363,1,0.0,0.0,0.021203878077700633
2026-09-14,245,251,244,250,1700000,0.020408163265306145,0.08695652173913082,250,0.0,245.66666666666666,0.019278507898827933,1,1.0,0.020408163265306145,0.0420447735486742
2026-09-15,250,254,248,252,1650000,0.008000000000000007,0.09565217391304381,252,0.0,249.0,0.006291224999733312,1,1.0,0.008000000000000007,0.05038113173706349
2026-09-16,252,253,247,249,1580000,-0.011904761904761862,0.08260869565217432,252,-0.011904761904761862,250.33333333333334,0.0163007525140721,0,1.0,-0.011904761904761862,0.03787659445447944
2026-09-17,249,250,243,244,1750000,-0.02008032128514059,0.06086956521739162,252,-0.031746031746031744,248.33333333333334,0.014442666888679062,0,0.0,-0.0,0.03787659445447944
2026-09-18,244,248,242,247,1680000,0.012295081967213184,0.07391304347826133,252,-0.019841269841269882,246.66666666666666,0.016835671209085523,1,0.0,0.0,0.03787659445447944
2026-09-19,247,252,246,251,1800000,0.0161943319838056,0.09130434782608732,252,-0.003968253968253954,247.33333333333334,0.019913234109617844,1,1.0,0.0161943319838056,0.05468431258329676
2026-09-20,251,256,250,255,1850000,0.015936254980079667,0.1086956521739133,255,0.0,251.0,0.0021805540328617193,1,1.0,0.015936254980079667,0.0714920307121143
